Node,PDR,RREQ_Count,LinkBreak_Count,AvgSpeed,AvgDensity
0,62.029,89406,28,5.580508070557788,0.000710532591323299
8,33.4783,215220,305,7.303712480252765,0.0009299377935786638
9,59.7101,112801,88,7.371113731261247,0.0009385195908192302
30,,0,0,,
